round,n_experiments,batch_regret,cumulative_regret,stopped,surface,replicate,arm
0,17,0.0,0.0,False,quadratic,0,"q-NEI, Gamma GLM"
1,33,11.990430643086237,11.990430643086237,False,quadratic,0,"q-NEI, Gamma GLM"
2,49,4.810629434569288,16.80106007765552,False,quadratic,0,"q-NEI, Gamma GLM"
3,65,4.88558756878977,21.68664764644529,False,quadratic,0,"q-NEI, Gamma GLM"
4,81,4.667733990246956,26.35438163669225,False,quadratic,0,"q-NEI, Gamma GLM"
0,17,0.0,0.0,False,quadratic,0,"RSM, BLR + CCD"
1,33,10.240665234778197,10.240665234778197,False,quadratic,0,"RSM, BLR + CCD"
2,49,10.240665234778197,20.48133046955639,False,quadratic,0,"RSM, BLR + CCD"
3,65,10.240665234778197,30.721995704334585,False,quadratic,0,"RSM, BLR + CCD"
4,81,10.240665234778197,40.96266093911278,False,quadratic,0,"RSM, BLR + CCD"
0,17,0.0,0.0,False,quadratic,0,"Random, Gamma GLM"
1,33,14.96880146460832,14.96880146460832,False,quadratic,0,"Random, Gamma GLM"
2,49,15.19577357462051,30.16457503922883,False,quadratic,0,"Random, Gamma GLM"
3,65,12.967347644365606,43.13192268359444,False,quadratic,0,"Random, Gamma GLM"
4,81,15.08113566201416,58.2130583456086,False,quadratic,0,"Random, Gamma GLM"
0,17,0.0,0.0,False,quadratic,1,"q-NEI, Gamma GLM"
1,33,13.694973735527874,13.694973735527874,False,quadratic,1,"q-NEI, Gamma GLM"
2,49,5.397915619392111,19.092889354919983,False,quadratic,1,"q-NEI, Gamma GLM"
3,65,4.857057244772213,23.9499465996922,False,quadratic,1,"q-NEI, Gamma GLM"
4,81,3.00268449697946,26.95263109667166,False,quadratic,1,"q-NEI, Gamma GLM"
0,17,0.0,0.0,False,quadratic,1,"RSM, BLR + CCD"
1,33,11.048841732882927,11.048841732882927,False,quadratic,1,"RSM, BLR + CCD"
2,49,12.220780440218116,23.269622173101045,False,quadratic,1,"RSM, BLR + CCD"
3,65,9.816852903186913,33.086475076287954,False,quadratic,1,"RSM, BLR + CCD"
4,81,9.81814554042669,42.904620616714645,False,quadratic,1,"RSM, BLR + CCD"
0,17,0.0,0.0,False,quadratic,1,"Random, Gamma GLM"
1,33,13.421594278451202,13.421594278451202,False,quadratic,1,"Random, Gamma GLM"
2,49,13.691705920362228,27.11330019881343,False,quadratic,1,"Random, Gamma GLM"
3,65,12.98239457842294,40.095694777236375,False,quadratic,1,"Random, Gamma GLM"
4,81,13.264939206353938,53.36063398359031,False,quadratic,1,"Random, Gamma GLM"
0,17,0.0,0.0,False,quadratic,2,"q-NEI, Gamma GLM"
1,33,12.719893853379848,12.719893853379848,False,quadratic,2,"q-NEI, Gamma GLM"
2,49,5.129825333327828,17.849719186707674,False,quadratic,2,"q-NEI, Gamma GLM"
3,65,4.788041777020165,22.63776096372784,False,quadratic,2,"q-NEI, Gamma GLM"
4,81,4.846131114613682,27.48389207834152,False,quadratic,2,"q-NEI, Gamma GLM"
0,17,0.0,0.0,False,quadratic,2,"RSM, BLR + CCD"
1,33,10.841962242811508,10.841962242811508,False,quadratic,2,"RSM, BLR + CCD"
2,49,10.424466141978105,21.266428384789613,False,quadratic,2,"RSM, BLR + CCD"
3,65,9.987209983741597,31.25363836853121,False,quadratic,2,"RSM, BLR + CCD"
4,81,9.820139977304162,41.073778345835365,False,quadratic,2,"RSM, BLR + CCD"
0,17,0.0,0.0,False,quadratic,2,"Random, Gamma GLM"
1,33,13.277536547225104,13.277536547225104,False,quadratic,2,"Random, Gamma GLM"
2,49,14.966403649718716,28.243940196943814,False,quadratic,2,"Random, Gamma GLM"
3,65,13.383790634982471,41.627730831926286,False,quadratic,2,"Random, Gamma GLM"
4,81,12.900707645457588,54.52843847738387,False,quadratic,2,"Random, Gamma GLM"
0,17,0.0,0.0,False,quadratic,3,"q-NEI, Gamma GLM"
1,33,12.491746674594282,12.491746674594282,False,quadratic,3,"q-NEI, Gamma GLM"
2,49,3.025784691319069,15.517531365913351,False,quadratic,3,"q-NEI, Gamma GLM"
3,65,3.1513519033589508,18.668883269272303,False,quadratic,3,"q-NEI, Gamma GLM"
4,81,2.811889799402704,21.480773068675006,False,quadratic,3,"q-NEI, Gamma GLM"
0,17,0.0,0.0,False,quadratic,3,"RSM, BLR + CCD"
1,33,9.463674495486844,9.463674495486844,False,quadratic,3,"RSM, BLR + CCD"
2,49,9.508349520170787,18.97202401565763,False,quadratic,3,"RSM, BLR + CCD"
3,65,9.48194713111516,28.45397114677279,False,quadratic,3,"RSM, BLR + CCD"
4,81,9.658903199635889,38.11287434640868,False,quadratic,3,"RSM, BLR + CCD"
0,17,0.0,0.0,False,quadratic,3,"Random, Gamma GLM"
1,33,14.346597516227307,14.346597516227307,False,quadratic,3,"Random, Gamma GLM"
2,49,14.464798787682618,28.811396303909927,False,quadratic,3,"Random, Gamma GLM"
3,65,11.586711617933815,40.398107921843746,False,quadratic,3,"Random, Gamma GLM"
4,81,12.16408099644742,52.56218891829117,False,quadratic,3,"Random, Gamma GLM"
0,17,0.0,0.0,False,quadratic,4,"q-NEI, Gamma GLM"
1,33,13.52581896864098,13.52581896864098,False,quadratic,4,"q-NEI, Gamma GLM"
2,49,4.471632773642628,17.99745174228361,False,quadratic,4,"q-NEI, Gamma GLM"
3,65,2.6279088707428455,20.625360613026455,False,quadratic,4,"q-NEI, Gamma GLM"
4,81,1.9891668809155516,22.614527493942006,False,quadratic,4,"q-NEI, Gamma GLM"
0,17,0.0,0.0,False,quadratic,4,"RSM, BLR + CCD"
1,33,11.076855573190404,11.076855573190404,False,quadratic,4,"RSM, BLR + CCD"
2,49,10.54569851363155,21.622554086821953,False,quadratic,4,"RSM, BLR + CCD"
3,65,10.450448368010347,32.0730024548323,False,quadratic,4,"RSM, BLR + CCD"
4,81,10.545141071879614,42.61814352671191,False,quadratic,4,"RSM, BLR + CCD"
0,17,0.0,0.0,False,quadratic,4,"Random, Gamma GLM"
1,33,14.39003261666046,14.39003261666046,False,quadratic,4,"Random, Gamma GLM"
2,49,13.893951892997492,28.28398450965795,False,quadratic,4,"Random, Gamma GLM"
3,65,14.309197535486192,42.59318204514415,False,quadratic,4,"Random, Gamma GLM"
4,81,13.52028818243542,56.11347022757957,False,quadratic,4,"Random, Gamma GLM"
0,17,0.0,0.0,False,quadratic,5,"q-NEI, Gamma GLM"
1,33,13.944723814482,13.944723814482,False,quadratic,5,"q-NEI, Gamma GLM"
2,49,1.6673662786085612,15.61209009309056,False,quadratic,5,"q-NEI, Gamma GLM"
3,65,1.8527439953271383,17.4648340884177,False,quadratic,5,"q-NEI, Gamma GLM"
4,81,1.218324437369373,18.68315852578707,False,quadratic,5,"q-NEI, Gamma GLM"
0,17,0.0,0.0,False,quadratic,5,"RSM, BLR + CCD"
1,33,10.275574695398127,10.275574695398127,False,quadratic,5,"RSM, BLR + CCD"
2,49,9.916973222122914,20.19254791752104,False,quadratic,5,"RSM, BLR + CCD"
3,65,9.947924389761155,30.140472307282195,False,quadratic,5,"RSM, BLR + CCD"
4,81,9.802201635206956,39.94267394248915,False,quadratic,5,"RSM, BLR + CCD"
0,17,0.0,0.0,False,quadratic,5,"Random, Gamma GLM"
1,33,13.764005996562323,13.764005996562323,False,quadratic,5,"Random, Gamma GLM"
2,49,13.921114822294054,27.68512081885638,False,quadratic,5,"Random, Gamma GLM"
3,65,14.66129407976054,42.34641489861692,False,quadratic,5,"Random, Gamma GLM"
4,81,13.98221428352689,56.328629182143814,False,quadratic,5,"Random, Gamma GLM"
0,17,0.0,0.0,False,quadratic,6,"q-NEI, Gamma GLM"
1,33,13.47749488271522,13.47749488271522,False,quadratic,6,"q-NEI, Gamma GLM"
2,49,6.061161010342072,19.538655893057292,False,quadratic,6,"q-NEI, Gamma GLM"
3,65,2.454827703181207,21.993483596238494,False,quadratic,6,"q-NEI, Gamma GLM"
4,81,1.435418245798509,23.428901842037007,False,quadratic,6,"q-NEI, Gamma GLM"
0,17,0.0,0.0,False,quadratic,6,"RSM, BLR + CCD"
1,33,11.20472979289036,11.20472979289036,False,quadratic,6,"RSM, BLR + CCD"
2,49,9.763310151870444,20.968039944760804,False,quadratic,6,"RSM, BLR + CCD"
3,65,9.72124855911511,30.689288503875915,False,quadratic,6,"RSM, BLR + CCD"
4,81,9.688126696847858,40.377415200723775,False,quadratic,6,"RSM, BLR + CCD"
0,17,0.0,0.0,False,quadratic,6,"Random, Gamma GLM"
1,33,12.015366601688353,12.015366601688353,False,quadratic,6,"Random, Gamma GLM"
2,49,14.729838348573502,26.745204950261854,False,quadratic,6,"Random, Gamma GLM"
3,65,13.206366684782116,39.95157163504397,False,quadratic,6,"Random, Gamma GLM"
4,81,13.33618237444471,53.28775400948868,False,quadratic,6,"Random, Gamma GLM"
0,17,0.0,0.0,False,quadratic,7,"q-NEI, Gamma GLM"
1,33,12.463939003409868,12.463939003409868,False,quadratic,7,"q-NEI, Gamma GLM"
2,49,6.7901976305109955,19.254136633920865,False,quadratic,7,"q-NEI, Gamma GLM"
3,65,5.915666392983282,25.169803026904148,False,quadratic,7,"q-NEI, Gamma GLM"
4,81,5.55417119366954,30.723974220573687,False,quadratic,7,"q-NEI, Gamma GLM"
0,17,0.0,0.0,False,quadratic,7,"RSM, BLR + CCD"
1,33,10.647431792262218,10.647431792262218,False,quadratic,7,"RSM, BLR + CCD"
2,49,9.982334743425628,20.629766535687843,False,quadratic,7,"RSM, BLR + CCD"
3,65,10.22674157826508,30.856508113952923,False,quadratic,7,"RSM, BLR + CCD"
4,81,10.010853460773207,40.86736157472613,False,quadratic,7,"RSM, BLR + CCD"
0,17,0.0,0.0,False,quadratic,7,"Random, Gamma GLM"
1,33,14.296429576241769,14.296429576241769,False,quadratic,7,"Random, Gamma GLM"
2,49,14.121565225118452,28.41799480136022,False,quadratic,7,"Random, Gamma GLM"
3,65,13.850756422503949,42.268751223864165,False,quadratic,7,"Random, Gamma GLM"
4,81,14.19005512811965,56.45880635198381,False,quadratic,7,"Random, Gamma GLM"
0,17,0.0,0.0,False,quadratic,8,"q-NEI, Gamma GLM"
1,33,13.952723199282046,13.952723199282046,False,quadratic,8,"q-NEI, Gamma GLM"
2,49,10.013473762933163,23.966196962215207,False,quadratic,8,"q-NEI, Gamma GLM"
3,65,5.011846565655123,28.97804352787033,False,quadratic,8,"q-NEI, Gamma GLM"
4,81,4.778208883468862,33.75625241133919,False,quadratic,8,"q-NEI, Gamma GLM"
0,17,0.0,0.0,False,quadratic,8,"RSM, BLR + CCD"
1,33,10.169175201392774,10.169175201392774,False,quadratic,8,"RSM, BLR + CCD"
2,49,10.293170962501302,20.462346163894075,False,quadratic,8,"RSM, BLR + CCD"
3,65,10.578823516607049,31.041169680501124,False,quadratic,8,"RSM, BLR + CCD"
4,81,10.669609144592872,41.710778825094,False,quadratic,8,"RSM, BLR + CCD"
0,17,0.0,0.0,False,quadratic,8,"Random, Gamma GLM"
1,33,14.506365233944043,14.506365233944043,False,quadratic,8,"Random, Gamma GLM"
2,49,13.531145052272125,28.03751028621617,False,quadratic,8,"Random, Gamma GLM"
3,65,13.90557951129142,41.94308979750759,False,quadratic,8,"Random, Gamma GLM"
4,81,14.742811833138516,56.68590163064611,False,quadratic,8,"Random, Gamma GLM"
0,17,0.0,0.0,False,quadratic,9,"q-NEI, Gamma GLM"
1,33,13.55673989585788,13.55673989585788,False,quadratic,9,"q-NEI, Gamma GLM"
2,49,6.892921081263793,20.44966097712167,False,quadratic,9,"q-NEI, Gamma GLM"
3,65,1.797681431729791,22.247342408851463,False,quadratic,9,"q-NEI, Gamma GLM"
4,81,1.007301975971994,23.25464438482346,False,quadratic,9,"q-NEI, Gamma GLM"
0,17,0.0,0.0,False,quadratic,9,"RSM, BLR + CCD"
1,33,9.72340162849446,9.72340162849446,False,quadratic,9,"RSM, BLR + CCD"
2,49,9.692898456829322,19.416300085323783,False,quadratic,9,"RSM, BLR + CCD"
3,65,9.34116493621687,28.757465021540657,False,quadratic,9,"RSM, BLR + CCD"
4,81,9.315762484657482,38.07322750619814,False,quadratic,9,"RSM, BLR + CCD"
0,17,0.0,0.0,False,quadratic,9,"Random, Gamma GLM"
1,33,11.3294208912588,11.3294208912588,False,quadratic,9,"Random, Gamma GLM"
2,49,12.967322249533485,24.296743140792287,False,quadratic,9,"Random, Gamma GLM"
3,65,12.283815090603998,36.58055823139628,False,quadratic,9,"Random, Gamma GLM"
4,81,13.241914240249235,49.82247247164552,False,quadratic,9,"Random, Gamma GLM"
0,17,0.0,0.0,False,quadratic,10,"q-NEI, Gamma GLM"
1,33,13.353078006788287,13.353078006788287,False,quadratic,10,"q-NEI, Gamma GLM"
2,49,8.177009974342841,21.530087981131132,False,quadratic,10,"q-NEI, Gamma GLM"
3,65,7.1223018371206654,28.6523898182518,False,quadratic,10,"q-NEI, Gamma GLM"
4,81,4.311580781499958,32.963970599751754,False,quadratic,10,"q-NEI, Gamma GLM"
0,17,0.0,0.0,False,quadratic,10,"RSM, BLR + CCD"
1,33,11.382675502906096,11.382675502906096,False,quadratic,10,"RSM, BLR + CCD"
2,49,10.42455462934251,21.80723013224861,False,quadratic,10,"RSM, BLR + CCD"
3,65,10.4346972738464,32.241927406095,False,quadratic,10,"RSM, BLR + CCD"
4,81,10.450227359907451,42.69215476600245,False,quadratic,10,"RSM, BLR + CCD"
0,17,0.0,0.0,False,quadratic,10,"Random, Gamma GLM"
1,33,12.92391472586219,12.92391472586219,False,quadratic,10,"Random, Gamma GLM"
2,49,15.26759948877602,28.19151421463821,False,quadratic,10,"Random, Gamma GLM"
3,65,14.411144758550384,42.60265897318859,False,quadratic,10,"Random, Gamma GLM"
4,81,13.362118559583145,55.96477753277174,False,quadratic,10,"Random, Gamma GLM"
0,17,0.0,0.0,False,quadratic,11,"q-NEI, Gamma GLM"
1,33,13.04678457404247,13.04678457404247,False,quadratic,11,"q-NEI, Gamma GLM"
2,49,4.399032822293345,17.445817396335812,False,quadratic,11,"q-NEI, Gamma GLM"
3,65,1.0570933127922846,18.502910709128095,False,quadratic,11,"q-NEI, Gamma GLM"
4,81,0.4817082014345452,18.98461891056264,False,quadratic,11,"q-NEI, Gamma GLM"
0,17,0.0,0.0,False,quadratic,11,"RSM, BLR + CCD"
1,33,13.047017735384005,13.047017735384005,False,quadratic,11,"RSM, BLR + CCD"
2,49,10.183186412561266,23.230204147945273,False,quadratic,11,"RSM, BLR + CCD"
3,65,10.245191725298664,33.47539587324394,False,quadratic,11,"RSM, BLR + CCD"
4,81,10.219966204105384,43.69536207734932,False,quadratic,11,"RSM, BLR + CCD"
0,17,0.0,0.0,False,quadratic,11,"Random, Gamma GLM"
1,33,12.503984722495131,12.503984722495131,False,quadratic,11,"Random, Gamma GLM"
2,49,13.83793871417174,26.341923436666875,False,quadratic,11,"Random, Gamma GLM"
3,65,13.863703308329669,40.20562674499654,False,quadratic,11,"Random, Gamma GLM"
4,81,13.471047407427314,53.67667415242386,False,quadratic,11,"Random, Gamma GLM"
0,17,0.0,0.0,False,quadratic,12,"q-NEI, Gamma GLM"
1,33,12.424571791740563,12.424571791740563,False,quadratic,12,"q-NEI, Gamma GLM"
2,49,0.6790840179228035,13.103655809663367,False,quadratic,12,"q-NEI, Gamma GLM"
3,65,0.7225403917280383,13.826196201391408,False,quadratic,12,"q-NEI, Gamma GLM"
4,81,1.0179640309687292,14.844160232360135,False,quadratic,12,"q-NEI, Gamma GLM"
0,17,0.0,0.0,False,quadratic,12,"RSM, BLR + CCD"
1,33,10.171552411029984,10.171552411029984,False,quadratic,12,"RSM, BLR + CCD"
2,49,9.613678161382662,19.785230572412644,False,quadratic,12,"RSM, BLR + CCD"
3,65,9.573558155062,29.358788727474643,False,quadratic,12,"RSM, BLR + CCD"
4,81,9.575339687263888,38.93412841473853,False,quadratic,12,"RSM, BLR + CCD"
0,17,0.0,0.0,False,quadratic,12,"Random, Gamma GLM"
1,33,12.622584968236676,12.622584968236676,False,quadratic,12,"Random, Gamma GLM"
2,49,13.004827898099506,25.627412866336183,False,quadratic,12,"Random, Gamma GLM"
3,65,13.062021913779128,38.68943478011531,False,quadratic,12,"Random, Gamma GLM"
4,81,14.227911726041745,52.91734650615706,False,quadratic,12,"Random, Gamma GLM"
0,17,0.0,0.0,False,quadratic,13,"q-NEI, Gamma GLM"
1,33,12.900535750970471,12.900535750970471,False,quadratic,13,"q-NEI, Gamma GLM"
2,49,5.27282262075631,18.17335837172678,False,quadratic,13,"q-NEI, Gamma GLM"
3,65,1.1923708203833714,19.36572919211015,False,quadratic,13,"q-NEI, Gamma GLM"
4,81,0.7293143181501067,20.095043510260258,False,quadratic,13,"q-NEI, Gamma GLM"
0,17,0.0,0.0,False,quadratic,13,"RSM, BLR + CCD"
1,33,10.803169300866871,10.803169300866871,False,quadratic,13,"RSM, BLR + CCD"
2,49,9.93348384820846,20.736653149075337,False,quadratic,13,"RSM, BLR + CCD"
3,65,9.920877620223015,30.65753076929835,False,quadratic,13,"RSM, BLR + CCD"
4,81,9.9428143862154,40.60034515551375,False,quadratic,13,"RSM, BLR + CCD"
0,17,0.0,0.0,False,quadratic,13,"Random, Gamma GLM"
1,33,13.073669468787037,13.073669468787037,False,quadratic,13,"Random, Gamma GLM"
2,49,14.535224190061706,27.608893658848743,False,quadratic,13,"Random, Gamma GLM"
3,65,14.2359432836266,41.84483694247534,False,quadratic,13,"Random, Gamma GLM"
4,81,14.283233000791109,56.128069943266446,False,quadratic,13,"Random, Gamma GLM"
0,17,0.0,0.0,False,quadratic,14,"q-NEI, Gamma GLM"
1,33,13.556354025726808,13.556354025726808,False,quadratic,14,"q-NEI, Gamma GLM"
2,49,4.265234365396479,17.821588391123285,False,quadratic,14,"q-NEI, Gamma GLM"
3,65,3.2869150560033447,21.10850344712663,False,quadratic,14,"q-NEI, Gamma GLM"
4,81,3.471270505825878,24.579773952952507,False,quadratic,14,"q-NEI, Gamma GLM"
0,17,0.0,0.0,False,quadratic,14,"RSM, BLR + CCD"
1,33,11.067348207043755,11.067348207043755,False,quadratic,14,"RSM, BLR + CCD"
2,49,11.267358569702791,22.33470677674655,False,quadratic,14,"RSM, BLR + CCD"
3,65,11.152336936136184,33.48704371288274,False,quadratic,14,"RSM, BLR + CCD"
4,81,11.130339681606898,44.61738339448963,False,quadratic,14,"RSM, BLR + CCD"
0,17,0.0,0.0,False,quadratic,14,"Random, Gamma GLM"
1,33,15.149991084720616,15.149991084720616,False,quadratic,14,"Random, Gamma GLM"
2,49,14.10988572370897,29.25987680842959,False,quadratic,14,"Random, Gamma GLM"
3,65,14.605049899366614,43.8649267077962,False,quadratic,14,"Random, Gamma GLM"
4,81,14.868681507072443,58.733608214868646,False,quadratic,14,"Random, Gamma GLM"
0,17,0.0,0.0,False,quadratic,15,"q-NEI, Gamma GLM"
1,33,12.696638216631042,12.696638216631042,False,quadratic,15,"q-NEI, Gamma GLM"
2,49,5.728879114484693,18.425517331115735,False,quadratic,15,"q-NEI, Gamma GLM"
3,65,5.833076104638431,24.258593435754165,False,quadratic,15,"q-NEI, Gamma GLM"
4,81,5.707046678862311,29.965640114616477,False,quadratic,15,"q-NEI, Gamma GLM"
0,17,0.0,0.0,False,quadratic,15,"RSM, BLR + CCD"
1,33,10.442925106021928,10.442925106021928,False,quadratic,15,"RSM, BLR + CCD"
2,49,10.442925106021928,20.885850212043856,False,quadratic,15,"RSM, BLR + CCD"
3,65,10.442925106021928,31.328775318065784,False,quadratic,15,"RSM, BLR + CCD"
4,81,10.442925106021928,41.77170042408771,False,quadratic,15,"RSM, BLR + CCD"
0,17,0.0,0.0,False,quadratic,15,"Random, Gamma GLM"
1,33,15.042217866541607,15.042217866541607,False,quadratic,15,"Random, Gamma GLM"
2,49,13.013763294536144,28.055981161077753,False,quadratic,15,"Random, Gamma GLM"
3,65,14.754300891895946,42.8102820529737,False,quadratic,15,"Random, Gamma GLM"
4,81,14.49498975326806,57.305271806241755,False,quadratic,15,"Random, Gamma GLM"
0,17,0.0,0.0,False,quadratic,16,"q-NEI, Gamma GLM"
1,33,13.14070826285258,13.14070826285258,False,quadratic,16,"q-NEI, Gamma GLM"
2,49,4.130302419225787,17.271010682078366,False,quadratic,16,"q-NEI, Gamma GLM"
3,65,3.1927095188754895,20.463720200953855,False,quadratic,16,"q-NEI, Gamma GLM"
4,81,3.1462390050976543,23.60995920605151,False,quadratic,16,"q-NEI, Gamma GLM"
0,17,0.0,0.0,False,quadratic,16,"RSM, BLR + CCD"
1,33,11.811757525641632,11.811757525641632,False,quadratic,16,"RSM, BLR + CCD"
2,49,12.273853997809102,24.085611523450737,False,quadratic,16,"RSM, BLR + CCD"
3,65,10.71085900882753,34.79647053227826,False,quadratic,16,"RSM, BLR + CCD"
4,81,10.83370170866808,45.630172240946344,False,quadratic,16,"RSM, BLR + CCD"
0,17,0.0,0.0,False,quadratic,16,"Random, Gamma GLM"
1,33,14.007191315760725,14.007191315760725,False,quadratic,16,"Random, Gamma GLM"
2,49,15.274297925839717,29.28148924160044,False,quadratic,16,"Random, Gamma GLM"
3,65,14.587838073952923,43.86932731555336,False,quadratic,16,"Random, Gamma GLM"
4,81,13.93778405749422,57.80711137304758,False,quadratic,16,"Random, Gamma GLM"
0,17,0.0,0.0,False,quadratic,17,"q-NEI, Gamma GLM"
1,33,11.514267155276,11.514267155276,False,quadratic,17,"q-NEI, Gamma GLM"
2,49,4.880990485071869,16.395257640347868,False,quadratic,17,"q-NEI, Gamma GLM"
3,65,4.240912940913008,20.63617058126088,False,quadratic,17,"q-NEI, Gamma GLM"
4,81,4.2991321118917085,24.935302693152583,False,quadratic,17,"q-NEI, Gamma GLM"
0,17,0.0,0.0,False,quadratic,17,"RSM, BLR + CCD"
1,33,9.29330013727574,9.29330013727574,False,quadratic,17,"RSM, BLR + CCD"
2,49,9.29330013727574,18.58660027455148,False,quadratic,17,"RSM, BLR + CCD"
3,65,9.29330013727574,27.87990041182722,False,quadratic,17,"RSM, BLR + CCD"
4,81,9.29330013727574,37.17320054910296,False,quadratic,17,"RSM, BLR + CCD"
0,17,0.0,0.0,False,quadratic,17,"Random, Gamma GLM"
1,33,13.667152619096568,13.667152619096568,False,quadratic,17,"Random, Gamma GLM"
2,49,14.375828237828635,28.042980856925205,False,quadratic,17,"Random, Gamma GLM"
3,65,14.643142225956064,42.68612308288127,False,quadratic,17,"Random, Gamma GLM"
4,81,13.294615522309716,55.98073860519098,False,quadratic,17,"Random, Gamma GLM"
0,17,0.0,0.0,False,quadratic,18,"q-NEI, Gamma GLM"
1,33,14.082016076010078,14.082016076010078,False,quadratic,18,"q-NEI, Gamma GLM"
2,49,3.3984647408116433,17.48048081682172,False,quadratic,18,"q-NEI, Gamma GLM"
3,65,2.5393522112628615,20.019833028084584,False,quadratic,18,"q-NEI, Gamma GLM"
4,81,3.4575202150156534,23.477353243100236,False,quadratic,18,"q-NEI, Gamma GLM"
0,17,0.0,0.0,False,quadratic,18,"RSM, BLR + CCD"
1,33,11.719719336130389,11.719719336130389,False,quadratic,18,"RSM, BLR + CCD"
2,49,10.245782578781917,21.965501914912306,False,quadratic,18,"RSM, BLR + CCD"
3,65,10.240441380457746,32.20594329537005,False,quadratic,18,"RSM, BLR + CCD"
4,81,10.235369113814144,42.44131240918419,False,quadratic,18,"RSM, BLR + CCD"
0,17,0.0,0.0,False,quadratic,18,"Random, Gamma GLM"
1,33,12.208205294473723,12.208205294473723,False,quadratic,18,"Random, Gamma GLM"
2,49,13.49867051840132,25.706875812875047,False,quadratic,18,"Random, Gamma GLM"
3,65,14.87291749719697,40.57979331007202,False,quadratic,18,"Random, Gamma GLM"
4,81,14.240051299356908,54.81984460942893,False,quadratic,18,"Random, Gamma GLM"
0,17,0.0,0.0,False,quadratic,19,"q-NEI, Gamma GLM"
1,33,14.252747495382769,14.252747495382769,False,quadratic,19,"q-NEI, Gamma GLM"
2,49,2.7852978909263126,17.038045386309083,False,quadratic,19,"q-NEI, Gamma GLM"
3,65,1.164857198263669,18.20290258457275,False,quadratic,19,"q-NEI, Gamma GLM"
4,81,1.2019652328184425,19.404867817391192,False,quadratic,19,"q-NEI, Gamma GLM"
0,17,0.0,0.0,False,quadratic,19,"RSM, BLR + CCD"
1,33,10.512810485410316,10.512810485410316,False,quadratic,19,"RSM, BLR + CCD"
2,49,10.139301765559612,20.652112250969928,False,quadratic,19,"RSM, BLR + CCD"
3,65,10.064814179455002,30.71692643042493,False,quadratic,19,"RSM, BLR + CCD"
4,81,9.833631926606875,40.55055835703181,False,quadratic,19,"RSM, BLR + CCD"
0,17,0.0,0.0,False,quadratic,19,"Random, Gamma GLM"
1,33,14.801017762922823,14.801017762922823,False,quadratic,19,"Random, Gamma GLM"
2,49,14.191795734446517,28.99281349736934,False,quadratic,19,"Random, Gamma GLM"
3,65,14.086813972213024,43.07962746958236,False,quadratic,19,"Random, Gamma GLM"
4,81,11.982102232919946,55.061729702502305,False,quadratic,19,"Random, Gamma GLM"
0,17,0.0,0.0,False,gp,0,"q-NEI, Gamma GLM"
1,33,11.2947672348134,11.2947672348134,False,gp,0,"q-NEI, Gamma GLM"
2,49,6.270807479715378,17.56557471452878,False,gp,0,"q-NEI, Gamma GLM"
3,65,5.967132109045583,23.53270682357436,False,gp,0,"q-NEI, Gamma GLM"
4,81,4.961123806694992,28.49383063026935,False,gp,0,"q-NEI, Gamma GLM"
0,17,0.0,0.0,False,gp,0,"RSM, BLR + CCD"
1,33,12.761808907648076,12.761808907648076,False,gp,0,"RSM, BLR + CCD"
2,49,11.058653531045785,23.82046243869386,False,gp,0,"RSM, BLR + CCD"
3,65,11.08613088815214,34.906593326846,False,gp,0,"RSM, BLR + CCD"
4,81,10.986178442736422,45.892771769582424,False,gp,0,"RSM, BLR + CCD"
0,17,0.0,0.0,False,gp,0,"Random, Gamma GLM"
1,33,12.26068151911215,12.26068151911215,False,gp,0,"Random, Gamma GLM"
2,49,12.548964811915274,24.809646331027423,False,gp,0,"Random, Gamma GLM"
3,65,13.173024344768356,37.98267067579578,False,gp,0,"Random, Gamma GLM"
4,81,12.911851681933808,50.894522357729585,False,gp,0,"Random, Gamma GLM"
0,17,0.0,0.0,False,gp,1,"q-NEI, Gamma GLM"
1,33,7.235188785772378,7.235188785772378,False,gp,1,"q-NEI, Gamma GLM"
2,49,9.263568605123584,16.49875739089596,False,gp,1,"q-NEI, Gamma GLM"
3,65,4.091976308535671,20.59073369943163,False,gp,1,"q-NEI, Gamma GLM"
4,81,2.4370865143888776,23.027820213820508,False,gp,1,"q-NEI, Gamma GLM"
0,17,0.0,0.0,False,gp,1,"RSM, BLR + CCD"
1,33,8.153731495108573,8.153731495108573,False,gp,1,"RSM, BLR + CCD"
2,49,10.908753087741202,19.062484582849777,False,gp,1,"RSM, BLR + CCD"
3,65,6.949957772548601,26.012442355398377,False,gp,1,"RSM, BLR + CCD"
4,81,7.456881258551005,33.469323613949385,False,gp,1,"RSM, BLR + CCD"
0,17,0.0,0.0,False,gp,1,"Random, Gamma GLM"
1,33,9.083561881825789,9.083561881825789,False,gp,1,"Random, Gamma GLM"
2,49,8.873326995242154,17.95688887706794,False,gp,1,"Random, Gamma GLM"
3,65,10.245685701398076,28.202574578466017,False,gp,1,"Random, Gamma GLM"
4,81,7.822707007150581,36.0252815856166,False,gp,1,"Random, Gamma GLM"
0,17,0.0,0.0,False,gp,2,"q-NEI, Gamma GLM"
1,33,10.121720383040252,10.121720383040252,False,gp,2,"q-NEI, Gamma GLM"
2,49,4.385835132708826,14.50755551574908,False,gp,2,"q-NEI, Gamma GLM"
3,65,2.884092328522673,17.391647844271752,False,gp,2,"q-NEI, Gamma GLM"
4,81,2.019274283359471,19.410922127631224,False,gp,2,"q-NEI, Gamma GLM"
0,17,0.0,0.0,False,gp,2,"RSM, BLR + CCD"
1,33,8.782995897046519,8.782995897046519,False,gp,2,"RSM, BLR + CCD"
2,49,8.923157916335624,17.706153813382144,False,gp,2,"RSM, BLR + CCD"
3,65,8.091549208039842,25.797703021421988,False,gp,2,"RSM, BLR + CCD"
4,81,8.03431883332896,33.83202185475095,False,gp,2,"RSM, BLR + CCD"
0,17,0.0,0.0,False,gp,2,"Random, Gamma GLM"
1,33,11.02854052619189,11.02854052619189,False,gp,2,"Random, Gamma GLM"
2,49,10.88999817211273,21.91853869830462,False,gp,2,"Random, Gamma GLM"
3,65,10.777965044179226,32.69650374248384,False,gp,2,"Random, Gamma GLM"
4,81,10.712384802509874,43.408888544993715,False,gp,2,"Random, Gamma GLM"
0,17,0.0,0.0,False,gp,3,"q-NEI, Gamma GLM"
1,33,11.369501580730194,11.369501580730194,False,gp,3,"q-NEI, Gamma GLM"
2,49,10.261004592249009,21.630506172979203,False,gp,3,"q-NEI, Gamma GLM"
3,65,8.54631614113482,30.176822314114023,False,gp,3,"q-NEI, Gamma GLM"
4,81,6.494206367383631,36.67102868149765,False,gp,3,"q-NEI, Gamma GLM"
0,17,0.0,0.0,False,gp,3,"RSM, BLR + CCD"
1,33,9.761865268897012,9.761865268897012,False,gp,3,"RSM, BLR + CCD"
2,49,9.795125027383696,19.55699029628071,False,gp,3,"RSM, BLR + CCD"
3,65,9.824943177049205,29.381933473329912,False,gp,3,"RSM, BLR + CCD"
4,81,9.794578329002643,39.17651180233256,False,gp,3,"RSM, BLR + CCD"
0,17,0.0,0.0,False,gp,3,"Random, Gamma GLM"
1,33,10.551781701246448,10.551781701246448,False,gp,3,"Random, Gamma GLM"
2,49,10.214261072443827,20.766042773690273,False,gp,3,"Random, Gamma GLM"
3,65,10.386059017153867,31.152101790844146,False,gp,3,"Random, Gamma GLM"
4,81,10.85277746976306,42.0048792606072,False,gp,3,"Random, Gamma GLM"
0,17,0.0,0.0,False,gp,4,"q-NEI, Gamma GLM"
1,33,10.500698994365967,10.500698994365967,False,gp,4,"q-NEI, Gamma GLM"
2,49,7.218177120277633,17.718876114643603,False,gp,4,"q-NEI, Gamma GLM"
3,65,3.4388850646247056,21.15776117926831,False,gp,4,"q-NEI, Gamma GLM"
4,81,2.8574895745912983,24.015250753859608,False,gp,4,"q-NEI, Gamma GLM"
0,17,0.0,0.0,False,gp,4,"RSM, BLR + CCD"
1,33,8.323354404136824,8.323354404136824,False,gp,4,"RSM, BLR + CCD"
2,49,8.323354404136824,16.646708808273647,False,gp,4,"RSM, BLR + CCD"
3,65,8.323354404136824,24.970063212410473,False,gp,4,"RSM, BLR + CCD"
4,81,10.565457507797806,35.53552072020828,False,gp,4,"RSM, BLR + CCD"
0,17,0.0,0.0,False,gp,4,"Random, Gamma GLM"
1,33,10.34608648786798,10.34608648786798,False,gp,4,"Random, Gamma GLM"
2,49,11.23344374603103,21.579530233899007,False,gp,4,"Random, Gamma GLM"
3,65,10.057290529957152,31.636820763856157,False,gp,4,"Random, Gamma GLM"
4,81,10.428679357519162,42.06550012137532,False,gp,4,"Random, Gamma GLM"
0,17,0.0,0.0,False,gp,5,"q-NEI, Gamma GLM"
1,33,10.503212321578452,10.503212321578452,False,gp,5,"q-NEI, Gamma GLM"
2,49,10.261117291515934,20.764329613094382,False,gp,5,"q-NEI, Gamma GLM"
3,65,7.781341200468761,28.54567081356315,False,gp,5,"q-NEI, Gamma GLM"
4,81,7.95753256155856,36.50320337512171,False,gp,5,"q-NEI, Gamma GLM"
0,17,0.0,0.0,False,gp,5,"RSM, BLR + CCD"
1,33,10.213257911440556,10.213257911440556,False,gp,5,"RSM, BLR + CCD"
2,49,8.698580757109134,18.91183866854969,False,gp,5,"RSM, BLR + CCD"
3,65,8.594217804083057,27.50605647263275,False,gp,5,"RSM, BLR + CCD"
4,81,8.627216238621351,36.1332727112541,False,gp,5,"RSM, BLR + CCD"
0,17,0.0,0.0,False,gp,5,"Random, Gamma GLM"
1,33,10.534822753125802,10.534822753125802,False,gp,5,"Random, Gamma GLM"
2,49,10.709368947200932,21.244191700326738,False,gp,5,"Random, Gamma GLM"
3,65,9.276317839437606,30.52050953976434,False,gp,5,"Random, Gamma GLM"
4,81,9.772916105101402,40.29342564486574,False,gp,5,"Random, Gamma GLM"
0,17,0.0,0.0,False,gp,6,"q-NEI, Gamma GLM"
1,33,11.904242640953408,11.904242640953408,False,gp,6,"q-NEI, Gamma GLM"
2,49,4.894168583340942,16.798411224294348,False,gp,6,"q-NEI, Gamma GLM"
3,65,3.785140791546924,20.58355201584127,False,gp,6,"q-NEI, Gamma GLM"
4,81,3.3240338846950137,23.907585900536283,False,gp,6,"q-NEI, Gamma GLM"
0,17,0.0,0.0,False,gp,6,"RSM, BLR + CCD"
1,33,9.624722437175478,9.624722437175478,False,gp,6,"RSM, BLR + CCD"
2,49,9.31696552189316,18.94168795906864,False,gp,6,"RSM, BLR + CCD"
3,65,7.159224928742608,26.100912887811248,False,gp,6,"RSM, BLR + CCD"
4,81,7.2465655577760835,33.34747844558733,False,gp,6,"RSM, BLR + CCD"
0,17,0.0,0.0,False,gp,6,"Random, Gamma GLM"
1,33,10.597984684317703,10.597984684317703,False,gp,6,"Random, Gamma GLM"
2,49,10.849697768402391,21.447682452720095,False,gp,6,"Random, Gamma GLM"
3,65,8.82515171275525,30.272834165475345,False,gp,6,"Random, Gamma GLM"
4,81,9.416452410956415,39.68928657643176,False,gp,6,"Random, Gamma GLM"
0,17,0.0,0.0,False,gp,7,"q-NEI, Gamma GLM"
1,33,9.329375040870858,9.329375040870858,False,gp,7,"q-NEI, Gamma GLM"
2,49,6.321605051037937,15.650980091908796,False,gp,7,"q-NEI, Gamma GLM"
3,65,2.437943249765761,18.08892334167456,False,gp,7,"q-NEI, Gamma GLM"
4,81,2.3713947403972497,20.460318082071808,False,gp,7,"q-NEI, Gamma GLM"
0,17,0.0,0.0,False,gp,7,"RSM, BLR + CCD"
1,33,9.6914248352954,9.6914248352954,False,gp,7,"RSM, BLR + CCD"
2,49,5.530184526961813,15.221609362257214,False,gp,7,"RSM, BLR + CCD"
3,65,6.9492091285368875,22.1708184907941,False,gp,7,"RSM, BLR + CCD"
4,81,5.786212337036268,27.95703082783037,False,gp,7,"RSM, BLR + CCD"
0,17,0.0,0.0,False,gp,7,"Random, Gamma GLM"
1,33,9.55190852352312,9.55190852352312,False,gp,7,"Random, Gamma GLM"
2,49,8.86934061216255,18.42124913568567,False,gp,7,"Random, Gamma GLM"
3,65,10.111982553239796,28.53323168892547,False,gp,7,"Random, Gamma GLM"
4,81,8.916797570148447,37.450029259073915,False,gp,7,"Random, Gamma GLM"
0,17,0.0,0.0,False,gp,8,"q-NEI, Gamma GLM"
1,33,11.86505335626372,11.86505335626372,False,gp,8,"q-NEI, Gamma GLM"
2,49,7.731859967493876,19.59691332375759,False,gp,8,"q-NEI, Gamma GLM"
3,65,3.689593100432333,23.286506424189927,False,gp,8,"q-NEI, Gamma GLM"
4,81,1.6858383783216588,24.972344802511586,False,gp,8,"q-NEI, Gamma GLM"
0,17,0.0,0.0,False,gp,8,"RSM, BLR + CCD"
1,33,11.76278939373231,11.76278939373231,False,gp,8,"RSM, BLR + CCD"
2,49,10.46464551055319,22.227434904285506,False,gp,8,"RSM, BLR + CCD"
3,65,10.342061474185956,32.569496378471456,False,gp,8,"RSM, BLR + CCD"
4,81,10.155076684318592,42.72457306279005,False,gp,8,"RSM, BLR + CCD"
0,17,0.0,0.0,False,gp,8,"Random, Gamma GLM"
1,33,11.6702147704787,11.6702147704787,False,gp,8,"Random, Gamma GLM"
2,49,12.02133923210214,23.69155400258084,False,gp,8,"Random, Gamma GLM"
3,65,12.128938360863785,35.82049236344463,False,gp,8,"Random, Gamma GLM"
4,81,11.811858654062156,47.632351017506785,False,gp,8,"Random, Gamma GLM"
0,17,0.0,0.0,False,gp,9,"q-NEI, Gamma GLM"
1,33,9.06049757798264,9.06049757798264,False,gp,9,"q-NEI, Gamma GLM"
2,49,6.985824649787574,16.046322227770215,False,gp,9,"q-NEI, Gamma GLM"
3,65,5.059803973503357,21.10612620127357,False,gp,9,"q-NEI, Gamma GLM"
4,81,4.270355702773408,25.37648190404698,False,gp,9,"q-NEI, Gamma GLM"
0,17,0.0,0.0,False,gp,9,"RSM, BLR + CCD"
1,33,9.08029166161251,9.08029166161251,False,gp,9,"RSM, BLR + CCD"
2,49,6.820244780363447,15.900536441975955,False,gp,9,"RSM, BLR + CCD"
3,65,6.227379978764239,22.127916420740195,False,gp,9,"RSM, BLR + CCD"
4,81,6.205645229942462,28.333561650682658,False,gp,9,"RSM, BLR + CCD"
0,17,0.0,0.0,False,gp,9,"Random, Gamma GLM"
1,33,10.34970254053506,10.34970254053506,False,gp,9,"Random, Gamma GLM"
2,49,7.963782082491226,18.313484623026287,False,gp,9,"Random, Gamma GLM"
3,65,8.701529412549698,27.015014035575987,False,gp,9,"Random, Gamma GLM"
4,81,9.227241599203465,36.242255634779454,False,gp,9,"Random, Gamma GLM"
0,17,0.0,0.0,False,gp,10,"q-NEI, Gamma GLM"
1,33,10.032192002241777,10.032192002241777,False,gp,10,"q-NEI, Gamma GLM"
2,49,7.90676467516012,17.938956677401894,False,gp,10,"q-NEI, Gamma GLM"
3,65,7.804436519687844,25.743393197089738,False,gp,10,"q-NEI, Gamma GLM"
4,81,8.117000514100955,33.860393711190696,False,gp,10,"q-NEI, Gamma GLM"
0,17,0.0,0.0,False,gp,10,"RSM, BLR + CCD"
1,33,9.18735178120472,9.18735178120472,False,gp,10,"RSM, BLR + CCD"
2,49,9.57584181222415,18.76319359342887,False,gp,10,"RSM, BLR + CCD"
3,65,7.316804492834809,26.07999808626368,False,gp,10,"RSM, BLR + CCD"
4,81,7.316804492834809,33.39680257909849,False,gp,10,"RSM, BLR + CCD"
0,17,0.0,0.0,False,gp,10,"Random, Gamma GLM"
1,33,9.032963118958124,9.032963118958124,False,gp,10,"Random, Gamma GLM"
2,49,10.279984036937378,19.3129471558955,False,gp,10,"Random, Gamma GLM"
3,65,9.778284337041567,29.09123149293707,False,gp,10,"Random, Gamma GLM"
4,81,8.3935046098323,37.48473610276937,False,gp,10,"Random, Gamma GLM"
0,17,0.0,0.0,False,gp,11,"q-NEI, Gamma GLM"
1,33,9.46442192122126,9.46442192122126,False,gp,11,"q-NEI, Gamma GLM"
2,49,7.155174638624872,16.61959655984613,False,gp,11,"q-NEI, Gamma GLM"
3,65,5.349405064696491,21.96900162454262,False,gp,11,"q-NEI, Gamma GLM"
4,81,4.110687304759956,26.079688929302577,False,gp,11,"q-NEI, Gamma GLM"
0,17,0.0,0.0,False,gp,11,"RSM, BLR + CCD"
1,33,9.653674324702983,9.653674324702983,False,gp,11,"RSM, BLR + CCD"
2,49,7.48835976566173,17.142034090364714,False,gp,11,"RSM, BLR + CCD"
3,65,7.919680614189268,25.06171470455398,False,gp,11,"RSM, BLR + CCD"
4,81,7.48835976566173,32.55007447021571,False,gp,11,"RSM, BLR + CCD"
0,17,0.0,0.0,False,gp,11,"Random, Gamma GLM"
1,33,10.666977231095292,10.666977231095292,False,gp,11,"Random, Gamma GLM"
2,49,10.037683914885688,20.704661145980975,False,gp,11,"Random, Gamma GLM"
3,65,9.769710503715023,30.474371649696003,False,gp,11,"Random, Gamma GLM"
4,81,10.413515129082729,40.887886778778736,False,gp,11,"Random, Gamma GLM"
0,17,0.0,0.0,False,gp,12,"q-NEI, Gamma GLM"
1,33,10.497276224493737,10.497276224493737,False,gp,12,"q-NEI, Gamma GLM"
2,49,7.792574120382379,18.289850344876115,False,gp,12,"q-NEI, Gamma GLM"
3,65,8.258899900285114,26.54875024516123,False,gp,12,"q-NEI, Gamma GLM"
4,81,4.375503948576153,30.924254193737383,False,gp,12,"q-NEI, Gamma GLM"
0,17,0.0,0.0,False,gp,12,"RSM, BLR + CCD"
1,33,8.926276455975215,8.926276455975215,False,gp,12,"RSM, BLR + CCD"
2,49,10.166138190101837,19.092414646077053,False,gp,12,"RSM, BLR + CCD"
3,65,8.926276455975215,28.018691102052266,False,gp,12,"RSM, BLR + CCD"
4,81,8.926276455975215,36.94496755802748,False,gp,12,"RSM, BLR + CCD"
0,17,0.0,0.0,False,gp,12,"Random, Gamma GLM"
1,33,11.740389879994128,11.740389879994128,False,gp,12,"Random, Gamma GLM"
2,49,12.03761954393022,23.778009423924345,False,gp,12,"Random, Gamma GLM"
3,65,11.588742987198632,35.366752411122974,False,gp,12,"Random, Gamma GLM"
4,81,11.599437180560994,46.96618959168397,False,gp,12,"Random, Gamma GLM"
0,17,0.0,0.0,False,gp,13,"q-NEI, Gamma GLM"
1,33,11.581043195800516,11.581043195800516,False,gp,13,"q-NEI, Gamma GLM"
2,49,10.945040627854002,22.526083823654517,False,gp,13,"q-NEI, Gamma GLM"
3,65,8.363269851311216,30.889353674965733,False,gp,13,"q-NEI, Gamma GLM"
4,81,6.943771026499906,37.83312470146563,False,gp,13,"q-NEI, Gamma GLM"
0,17,0.0,0.0,False,gp,13,"RSM, BLR + CCD"
1,33,8.320430849808515,8.320430849808515,False,gp,13,"RSM, BLR + CCD"
2,49,8.274868775736287,16.595299625544804,False,gp,13,"RSM, BLR + CCD"
3,65,7.601369656624996,24.1966692821698,False,gp,13,"RSM, BLR + CCD"
4,81,7.627209735499315,31.82387901766911,False,gp,13,"RSM, BLR + CCD"
0,17,0.0,0.0,False,gp,13,"Random, Gamma GLM"
1,33,10.493067538478648,10.493067538478648,False,gp,13,"Random, Gamma GLM"
2,49,10.180521820983056,20.6735893594617,False,gp,13,"Random, Gamma GLM"
3,65,11.229604323260034,31.903193682721735,False,gp,13,"Random, Gamma GLM"
4,81,11.057895889426874,42.96108957214861,False,gp,13,"Random, Gamma GLM"
0,17,0.0,0.0,False,gp,14,"q-NEI, Gamma GLM"
1,33,10.258488529845309,10.258488529845309,False,gp,14,"q-NEI, Gamma GLM"
2,49,8.590766134575276,18.849254664420585,False,gp,14,"q-NEI, Gamma GLM"
3,65,7.021232543452092,25.87048720787268,False,gp,14,"q-NEI, Gamma GLM"
4,81,5.6924944594718365,31.562981667344516,False,gp,14,"q-NEI, Gamma GLM"
0,17,0.0,0.0,False,gp,14,"RSM, BLR + CCD"
1,33,10.250374137947974,10.250374137947974,False,gp,14,"RSM, BLR + CCD"
2,49,10.017963611475595,20.268337749423573,False,gp,14,"RSM, BLR + CCD"
3,65,9.610062660021454,29.878400409445028,False,gp,14,"RSM, BLR + CCD"
4,81,9.73498148516429,39.61338189460932,False,gp,14,"RSM, BLR + CCD"
0,17,0.0,0.0,False,gp,14,"Random, Gamma GLM"
1,33,10.582480045588792,10.582480045588792,False,gp,14,"Random, Gamma GLM"
2,49,11.200732080473111,21.783212126061905,False,gp,14,"Random, Gamma GLM"
3,65,10.683822835196152,32.46703496125806,False,gp,14,"Random, Gamma GLM"
4,81,11.366993056784128,43.83402801804219,False,gp,14,"Random, Gamma GLM"
0,17,0.0,0.0,False,gp,15,"q-NEI, Gamma GLM"
1,33,9.712638378211397,9.712638378211397,False,gp,15,"q-NEI, Gamma GLM"
2,49,7.144485644513262,16.85712402272466,False,gp,15,"q-NEI, Gamma GLM"
3,65,5.023487414051749,21.880611436776405,False,gp,15,"q-NEI, Gamma GLM"
4,81,5.668265581118679,27.548877017895084,False,gp,15,"q-NEI, Gamma GLM"
0,17,0.0,0.0,False,gp,15,"RSM, BLR + CCD"
1,33,8.223718576123034,8.223718576123034,False,gp,15,"RSM, BLR + CCD"
2,49,10.357612479112971,18.581331055236006,False,gp,15,"RSM, BLR + CCD"
3,65,8.198450101851893,26.7797811570879,False,gp,15,"RSM, BLR + CCD"
4,81,8.194166659561741,34.97394781664964,False,gp,15,"RSM, BLR + CCD"
0,17,0.0,0.0,False,gp,15,"Random, Gamma GLM"
1,33,8.983345094073703,8.983345094073703,False,gp,15,"Random, Gamma GLM"
2,49,8.877685226768211,17.861030320841913,False,gp,15,"Random, Gamma GLM"
3,65,10.103846109602689,27.9648764304446,False,gp,15,"Random, Gamma GLM"
4,81,9.757393675340383,37.722270105784986,False,gp,15,"Random, Gamma GLM"
0,17,0.0,0.0,False,gp,16,"q-NEI, Gamma GLM"
1,33,10.535251705259572,10.535251705259572,False,gp,16,"q-NEI, Gamma GLM"
2,49,9.474378430273594,20.009630135533165,False,gp,16,"q-NEI, Gamma GLM"
3,65,6.412658921351898,26.422289056885063,False,gp,16,"q-NEI, Gamma GLM"
4,81,4.764756307222213,31.187045364107277,False,gp,16,"q-NEI, Gamma GLM"
0,17,0.0,0.0,False,gp,16,"RSM, BLR + CCD"
1,33,9.031548254195352,9.031548254195352,False,gp,16,"RSM, BLR + CCD"
2,49,8.73449019817512,17.766038452370474,False,gp,16,"RSM, BLR + CCD"
3,65,8.745564871024106,26.51160332339458,False,gp,16,"RSM, BLR + CCD"
4,81,8.848964407918537,35.36056773131312,False,gp,16,"RSM, BLR + CCD"
0,17,0.0,0.0,False,gp,16,"Random, Gamma GLM"
1,33,10.568773215415831,10.568773215415831,False,gp,16,"Random, Gamma GLM"
2,49,11.873510068464103,22.442283283879934,False,gp,16,"Random, Gamma GLM"
3,65,11.647525703942383,34.08980898782232,False,gp,16,"Random, Gamma GLM"
4,81,11.666057930966474,45.7558669187888,False,gp,16,"Random, Gamma GLM"
0,17,0.0,0.0,False,gp,17,"q-NEI, Gamma GLM"
1,33,12.284608957314948,12.284608957314948,False,gp,17,"q-NEI, Gamma GLM"
2,49,8.659082789300413,20.94369174661536,False,gp,17,"q-NEI, Gamma GLM"
3,65,4.587602913840845,25.531294660456204,False,gp,17,"q-NEI, Gamma GLM"
4,81,3.351591960883673,28.88288662133988,False,gp,17,"q-NEI, Gamma GLM"
0,17,0.0,0.0,False,gp,17,"RSM, BLR + CCD"
1,33,10.7806121178679,10.7806121178679,False,gp,17,"RSM, BLR + CCD"
2,49,10.407571350928928,21.18818346879683,False,gp,17,"RSM, BLR + CCD"
3,65,10.752746202009336,31.940929670806163,False,gp,17,"RSM, BLR + CCD"
4,81,8.961685158843707,40.90261482964987,False,gp,17,"RSM, BLR + CCD"
0,17,0.0,0.0,False,gp,17,"Random, Gamma GLM"
1,33,9.65591151517589,9.65591151517589,False,gp,17,"Random, Gamma GLM"
2,49,11.951512074257357,21.60742358943325,False,gp,17,"Random, Gamma GLM"
3,65,10.810368202457184,32.41779179189043,False,gp,17,"Random, Gamma GLM"
4,81,12.188724000569657,44.60651579246009,False,gp,17,"Random, Gamma GLM"
0,17,0.0,0.0,False,gp,18,"q-NEI, Gamma GLM"
1,33,8.594378429993766,8.594378429993766,False,gp,18,"q-NEI, Gamma GLM"
2,49,8.130982125448435,16.7253605554422,False,gp,18,"q-NEI, Gamma GLM"
3,65,7.047440664017456,23.77280121945966,False,gp,18,"q-NEI, Gamma GLM"
4,81,5.817327169486381,29.59012838894604,False,gp,18,"q-NEI, Gamma GLM"
0,17,0.0,0.0,False,gp,18,"RSM, BLR + CCD"
1,33,8.13080131029821,8.13080131029821,False,gp,18,"RSM, BLR + CCD"
2,49,8.13080131029821,16.26160262059642,False,gp,18,"RSM, BLR + CCD"
3,65,8.13080131029821,24.39240393089463,False,gp,18,"RSM, BLR + CCD"
4,81,8.13080131029821,32.52320524119284,False,gp,18,"RSM, BLR + CCD"
0,17,0.0,0.0,False,gp,18,"Random, Gamma GLM"
1,33,9.758278992457427,9.758278992457427,False,gp,18,"Random, Gamma GLM"
2,49,10.916605773621724,20.674884766079153,False,gp,18,"Random, Gamma GLM"
3,65,9.30321222663332,29.978096992712473,False,gp,18,"Random, Gamma GLM"
4,81,10.514561429847296,40.49265842255977,False,gp,18,"Random, Gamma GLM"
0,17,0.0,0.0,False,gp,19,"q-NEI, Gamma GLM"
1,33,10.86731990594962,10.86731990594962,False,gp,19,"q-NEI, Gamma GLM"
2,49,10.61798508574115,21.485304991690768,False,gp,19,"q-NEI, Gamma GLM"
3,65,8.314229011937645,29.799534003628413,False,gp,19,"q-NEI, Gamma GLM"
4,81,5.547007739721103,35.34654174334952,False,gp,19,"q-NEI, Gamma GLM"
0,17,0.0,0.0,False,gp,19,"RSM, BLR + CCD"
1,33,12.69746927379439,12.69746927379439,False,gp,19,"RSM, BLR + CCD"
2,49,9.938118372022522,22.635587645816912,False,gp,19,"RSM, BLR + CCD"
3,65,9.467298057609549,32.10288570342646,False,gp,19,"RSM, BLR + CCD"
4,81,9.467298057609549,41.570183761036006,False,gp,19,"RSM, BLR + CCD"
0,17,0.0,0.0,False,gp,19,"Random, Gamma GLM"
1,33,10.592411239282525,10.592411239282525,False,gp,19,"Random, Gamma GLM"
2,49,10.302035653755675,20.8944468930382,False,gp,19,"Random, Gamma GLM"
3,65,10.837358292662037,31.73180518570024,False,gp,19,"Random, Gamma GLM"
4,81,11.767807771316912,43.49961295701715,False,gp,19,"Random, Gamma GLM"
